{"epoch": 10, "train_loss": 4.548686415541406, "eval_loss": 1.914980625, "eval_top1": 58.958, "eval_top5": 82.676, "_timestamp": 1695729069.4426403, "_runtime": 18128.074877262115, "_step": 10}