{"epoch": 4, "train_loss": 5.4887526315801285, "eval_loss": 2.99761, "eval_top1": 38.034, "eval_top5": 64.468, "_timestamp": 1695719251.888876, "_runtime": 8310.521112918854, "_step": 4}